Profile;Title;Duration
Both;Blacklist;5658.81
Both;Las Vegas 21;121.83
Both;Coco;89.51
Both;Passengers;107.47
Both;Ted;100.27
Both;Le Smoking;34.42
Both;À la recherche du bonheur;113.04
Both;Amis publics;90.23
Both;L'accusé;100.12
Both;Supergirl;5.18
Both;Man of Steel;134.03
Both;Hancock;88.99
Both;13 Reasons Why;887.82
Hana;Another Life;265.73
Hana;Un plan parfait;203.7
Hana;Locke & Key;903.52
Hana;Squid Game;468.81
Hana;Tiny Pretty Things;572.02
Hana;Supergirl;3865.94
Hana;La casa de papel;608.63
Hana;Shadowhunters;2291.82
Hana;Shadow and Bone ;400.95
Hana;Les chroniques de Shannara;823.8
Hana;Le Monde secret des Emojis;191.05
Hana;A Christmas Prince;265.12
Hana;Rampage - Hors de contrôle;104.56
Hana;Stardust, le mystère de l'étoile;122.53
Hana;H2O;55.54
Hana;Blanche-Neige et le Chasseur;117.11
Hana;Le Chasseur et la Reine des glaces;105.9
Hana;The Haunting of Hill House;45.26
Hana;L'Attaque des Titans;1196.68
Hana;Comment je suis devenu super-héros;98.64
Hana;Chouchou;104.31
Hana;Alta mar;922.18
Hana;Twilight - Chapitre 5 ;98.91
Hana;Twilight - chapitre 4 ;97.3
Hana;Twilight - chapitre 3 ;111.24
Hana;Twilight - chapitre 2 ;121.52
Hana;Twilight - chapitre 1 ;112.89
Hana;Ragnarök;564.94
Hana;Coco;58.33
Hana;Team USA ;21.58
Hana;Qui a tué Sara ?;8.95
Hana;ariana grande;4.5
Hana;Miss Americana;17.93
Hana;Les 100;3596.04
Hana;Wonder Woman;146.6
Hana;The One;335.18
Hana;Erased;253.99
Hana;Jamais froid aux yeux;276.81
Hana;Hunter X Hunter (2011);2850.46
Hana;Angel Beats !;8.37
Hana;La Cité invisible;229.71
Hana;Le Tigre blanc;123.65
Hana;Saint Seiya - Les Chevaliers du Zodiaque ;149.36
Hana;Winx Club;21.9
Hana;Miss Détective;109.02
Hana;Destin ;304.07
Hana;Pitch Perfect 3;87.1
Hana;Les nouvelles aventures de Sabrina;2003.77
Hana;Sugar Rush ;420.85
Hana;Spinning Out;477.67
Hana;Ostra;9.5
Hana;La Princesse de Chicago ;94.0
Hana;Murder;3844.98
Hana;Le jeu de la dame;387.48
Hana;Tout le monde à table;527.86
Hana;The Haunting of Bly Manor;478.56
Hana;Emily in Paris;282.05
Hana;Mets et merveilles;46.99
Hana;L'alchimie de Noël;9.5
Hana;Comme Cendrillon ;83.04
Hana;Sugar Rush;1049.34
Hana;La Princesse de Chicago;97.6
Hana;Le Nouveau stagiaire;120.75
Hana;Zumbo's Just Desserts;1074.7
Hana;Burlesque;114.73
Hana;Le dernier jour de ma vie;16.42
Hana;Cursed ;543.99
Hana;Next in Fashion;449.19
Hana;Work It;86.48
Hana;The Protector;1241.22
Hana;I Am Mother;44.48
Hana;Bébé mode d'emploi;10.95
Hana;Boys Over Flowers;3.38
Hana;Comme des Bêtes;9.2
Hana;iBOY;88.18
Hana;Parcours sans faute;27.69
Hana;Dark;441.46
Hana;Raising the Bar;94.34
Hana;Albion;29.84
Hana;Les sirènes de Mako;22.61
Hana;Le cerveau, en bref;18.55
Hana;Salt;42.73
Hana;Battle;94.92
Hana;Murder Mystery;90.26
Hana;Mowgli ;78.19
Hana;Voyage au centre de la Terre 2 ;75.27
Hana;Insatiable;442.28
Tarik;Formula 1 ;2396.14
Tarik;Schumacher;167.5
Tarik;La casa de papel;659.78
Tarik;The Amazing Spider-Man;124.63
Tarik;Élite;1266.2
Tarik;Mohamed Dubois;91.92
Tarik;The Imitation Game;110.48
Tarik;Black Mirror;284.8
Tarik;24 Heures chrono;123.6
Tarik;L'Art de l'espionnage;28.22
Tarik;House of Cards;3264.99
Tarik;Lupin;223.27
Tarik;Very Bad Trip 2;97.32
Tarik;Very Bad Trip;96.53
Tarik;Chambre 2806;187.32
Tarik;Le jeu de la dame;11.73
Tarik;Maradona au Mexique;224.46
Tarik;Sully;89.53
Tarik;The Final Year;13.75
Tarik;Designated Survivor;2498.08
Tarik;Le Nouveau stagiaire;115.51
Tarik;Narcos;358.77
Tarik;Jeffrey Epstein ;27.98
Tarik;The Last Dance;548.36
Tarik;Anelka ;93.63
Tarik;Merci patron!;81.78
Tarik;Les Evadés;138.18
Tarik;Snowden;130.65
Tarik;Breaking Bad;2979.49
Tarik;13 Novembre ;158.73
